Row no.,Region,Month:,Year:,Year & moths, Date, Frequency, Estimated Unemployment Rate (%), Estimated Employed, Estimated Labour Participation Rate (%)
1,Andhra Pradesh,1,2020,202001, 31-01-2020, M,5.48,16635535,41.02
2,Andhra Pradesh,2,2020,202002, 29-02-2020, M,5.83,16545652,40.9
3,Andhra Pradesh,3,2020,202003, 31-03-2020, M,5.79,15881197,39.18
4,Andhra Pradesh,4,2020,202004, 30-04-2020, M,20.51,11336911,33.1
5,Andhra Pradesh,5,2020,202005, 31-05-2020, M,17.43,12988845,36.46
6,Andhra Pradesh,6,2020,202006, 30-06-2020, M,3.31,19805400,47.41
7,Andhra Pradesh,7,2020,202007, 31-07-2020, M,8.34,15431615,38.91
8,Andhra Pradesh,8,2020,202008, 31-08-2020, M,6.96,15251776,37.83
9,Andhra Pradesh,9,2020,202009, 30-09-2020, M,6.4,15220312,37.47
10,Andhra Pradesh,10,2020,202010, 31-10-2020, M,6.64,15140379,37.32
11,Andhra Pradesh,11,2020,202011, 30-11-2020, M,6.02,15478231,37.84
12,Andhra Pradesh,12,2020,202012, 31-12-2020, M,6.71,15854431,39
13,Andhra Pradesh,1,2021,202101, 31-01-2021, M,4.48,16516412,39.62
14,Andhra Pradesh,2,2021,202102, 28-02-2021, M,3.74,16736552,39.78
15,Andhra Pradesh,3,2021,202103, 31-03-2021, M,5.88,15752408,38.24
16,Andhra Pradesh,4,2021,202104, 30-04-2021, M,4.91,15834266,37.99
17,Andhra Pradesh,5,2021,202105, 31-05-2021, M,12.83,15092065,39.44
18,Andhra Pradesh,6,2021,202106, 30-06-2021, M,7.43,15559239,38.24
19,Andhra Pradesh,7,2021,202107, 31-07-2021, M,8.68,15485255,38.52
20,Andhra Pradesh,8,2021,202108, 31-08-2021, M,6.49,16159788,39.2
21,Andhra Pradesh,9,2021,202109, 30-09-2021, M,6.07,16977784,40.94
22,Andhra Pradesh,10,2021,202110, 31-10-2021, M,5.37,15875697,37.95
23,Andhra Pradesh,11,2021,202111, 30-11-2021, M,6.33,15849249,38.22
24,Andhra Pradesh,12,2021,202112, 31-12-2021, M,5.62,16915954,40.43
25,Andhra Pradesh,1,2022,202201, 31-01-2022, M,6.17,15675627,37.63
26,Andhra Pradesh,2,2022,202202, 28-02-2022, M,7.1,15515845,37.57
27,Andhra Pradesh,3,2022,202203, 31-03-2022, M,9.16,15285329,37.79
28,Andhra Pradesh,4,2022,202204, 30-04-2022, M,5.3,16598072,39.31
29,Andhra Pradesh,5,2022,202205, 31-05-2022, M,4.37,15968048,37.39
30,Andhra Pradesh,6,2022,202206, 30-06-2022, M,4.48,14926433,34.95
31,Andhra Pradesh,7,2022,202207, 31-07-2022, M,5.81,15624639,37.04
32,Andhra Pradesh,8,2022,202208, 31-08-2022, M,5.97,16017287,37.98
33,Andhra Pradesh,9,2022,202209, 30-09-2022, M,4.75,16305202,38.12
34,Andhra Pradesh,10,2022,202210, 31-10-2022, M,5.37,14433732,33.91
35,Andhra Pradesh,11,2022,202211, 30-11-2022, M,9.04,14936831,36.46
36,Andhra Pradesh,12,2022,202212, 31-12-2022, M,7.7,16008598,38.45
37,Andhra Pradesh,1,2023,202301, 31-01-2023, M,5.55,16012712,37.53
38,Assam,1,2020,202001, 31-01-2020, M,4.66,13051904,52.98
39,Assam,2,2020,202002, 29-02-2020, M,4.41,10088268,40.77
40,Assam,3,2020,202003, 31-03-2020, M,4.77,11542888,46.73
41,Assam,4,2020,202004, 30-04-2020, M,11.06,6830817,29.55
42,Assam,5,2020,202005, 31-05-2020, M,9.55,11367897,48.26
43,Assam,6,2020,202006, 30-06-2020, M,0.6,9095944,35.07
44,Assam,7,2020,202007, 31-07-2020, M,3.77,10286757,40.88
45,Assam,8,2020,202008, 31-08-2020, M,5.53,9781310,39.52
46,Assam,9,2020,202009, 30-09-2020, M,1.19,14107641,54.38
47,Assam,10,2020,202010, 31-10-2020, M,3.02,11949329,46.84
48,Assam,11,2020,202011, 30-11-2020, M,3.98,10901371,43.07
49,Assam,12,2020,202012, 31-12-2020, M,7.64,10482404,42.97
50,Assam,1,2021,202101, 31-01-2021, M,1.53,13177962,50.57
51,Assam,2,2021,202102, 28-02-2021, M,1.65,11283161,43.27
52,Assam,3,2021,202103, 31-03-2021, M,1.06,11122329,42.31
53,Assam,4,2021,202104, 30-04-2021, M,0.19,10349575,38.95
54,Assam,5,2021,202105, 31-05-2021, M,0.05,15248170,57.19
55,Assam,6,2021,202106, 30-06-2021, M,0.62,10234141,38.53
56,Assam,7,2021,202107, 31-07-2021, M,1.9,11247012,42.81
57,Assam,8,2021,202108, 31-08-2021, M,6.65,10228186,40.83
58,Assam,9,2021,202109, 30-09-2021, M,3.51,16133085,62.18
59,Assam,10,2021,202110, 31-10-2021, M,3.7,11196548,43.15
60,Assam,11,2021,202111, 30-11-2021, M,4.12,10476421,40.47
61,Assam,12,2021,202112, 31-12-2021, M,5.82,11737225,46.07
62,Assam,1,2022,202201, 31-01-2022, M,8.52,14568405,58.75
63,Assam,2,2022,202202, 28-02-2022, M,10.15,10223787,41.9
64,Assam,3,2022,202203, 31-03-2022, M,7.69,10042536,39.98
65,Assam,4,2022,202204, 30-04-2022, M,1.18,10925256,40.55
66,Assam,5,2022,202205, 31-05-2022, M,8.24,14572896,58.13
67,Assam,6,2022,202206, 30-06-2022, M,17.19,9265409,40.87
68,Assam,7,2022,202207, 31-07-2022, M,3.69,10310079,39.03
69,Assam,9,2022,202209, 30-09-2022, M,0.41,11392110,41.54
70,Assam,10,2022,202210, 31-10-2022, M,8.11,10761798,42.44
71,Assam,11,2022,202211, 30-11-2022, M,13.21,11014737,45.9
72,Assam,12,2022,202212, 31-12-2022, M,4.74,12534922,47.49
73,Assam,1,2023,202301, 31-01-2023, M,16.13,12913935,55.46
74,Bihar,1,2020,202001, 31-01-2020, M,10.61,26397671,37.72
75,Bihar,2,2020,202002, 29-02-2020, M,10.29,26281655,37.35
76,Bihar,3,2020,202003, 31-03-2020, M,15.43,25717519,38.69
77,Bihar,4,2020,202004, 30-04-2020, M,46.64,16046236,38.17
78,Bihar,5,2020,202005, 31-05-2020, M,45.96,16280203,38.16
79,Bihar,6,2020,202006, 30-06-2020, M,17.82,23963933,36.86
80,Bihar,7,2020,202007, 31-07-2020, M,12.79,24989370,36.14
81,Bihar,8,2020,202008, 31-08-2020, M,13.44,23795534,34.59
82,Bihar,9,2020,202009, 30-09-2020, M,11.91,26902907,38.35
83,Bihar,10,2020,202010, 31-10-2020, M,9.82,25693252,35.7
84,Bihar,11,2020,202011, 30-11-2020, M,9.98,26021204,36.14
85,Bihar,12,2020,202012, 31-12-2020, M,12.65,24393328,34.84
86,Bihar,1,2021,202101, 31-01-2021, M,10.5,28016910,38.97
87,Bihar,2,2021,202102, 28-02-2021, M,11.47,25685968,36.05
88,Bihar,3,2021,202103, 31-03-2021, M,14.6,25734604,37.36
89,Bihar,4,2021,202104, 30-04-2021, M,11.54,24727431,34.58
90,Bihar,5,2021,202105, 31-05-2021, M,13.83,27342817,39.17
91,Bihar,6,2021,202106, 30-06-2021, M,10.5,25380747,34.94
92,Bihar,7,2021,202107, 31-07-2021, M,13.02,25373093,35.86
93,Bihar,8,2021,202108, 31-08-2021, M,13.61,23991739,34.06
94,Bihar,9,2021,202109, 30-09-2021, M,9.97,26732995,36.34
95,Bihar,10,2021,202110, 31-10-2021, M,13.88,24875414,35.28
96,Bihar,11,2021,202111, 30-11-2021, M,14.8,24569436,35.14
97,Bihar,12,2021,202112, 31-12-2021, M,15.98,23821810,34.48
98,Bihar,1,2022,202201, 31-01-2022, M,13.26,25633718,35.86
99,Bihar,2,2022,202202, 28-02-2022, M,13.89,24601362,34.6
100,Bihar,3,2022,202203, 31-03-2022, M,14.45,24069800,34
101,Bihar,4,2022,202204, 30-04-2022, M,21.05,23784643,36.33
102,Bihar,5,2022,202205, 31-05-2022, M,13.26,26704592,37.04
103,Bihar,6,2022,202206, 30-06-2022, M,13.98,24402703,34.06
104,Bihar,7,2022,202207, 31-07-2022, M,18.82,24153766,35.64
105,Bihar,8,2022,202208, 31-08-2022, M,12.78,23052532,31.59
106,Bihar,9,2022,202209, 30-09-2022, M,11.42,27320621,36.79
107,Bihar,10,2022,202210, 31-10-2022, M,15.04,24290536,34.03
108,Bihar,11,2022,202211, 30-11-2022, M,17.28,24176633,34.72
109,Bihar,12,2022,202212, 31-12-2022, M,19.08,23105715,33.84
110,Bihar,1,2023,202301, 31-01-2023, M,11.87,25992133,34.88
111,Chhattisgarh,1,2020,202001, 31-01-2020, M,9.65,8552172,43.08
112,Chhattisgarh,2,2020,202002, 29-02-2020, M,8.38,9195114,45.58
113,Chhattisgarh,3,2020,202003, 31-03-2020, M,7.54,9302317,45.59
114,Chhattisgarh,4,2020,202004, 30-04-2020, M,3.41,7600448,35.58
115,Chhattisgarh,5,2020,202005, 31-05-2020, M,10.5,6991217,35.23
116,Chhattisgarh,6,2020,202006, 30-06-2020, M,14.23,7332807,38.48
117,Chhattisgarh,7,2020,202007, 31-07-2020, M,10.27,8620294,43.14
118,Chhattisgarh,8,2020,202008, 31-08-2020, M,5.63,9050422,42.97
119,Chhattisgarh,9,2020,202009, 30-09-2020, M,1.99,9158315,41.77
120,Chhattisgarh,10,2020,202010, 31-10-2020, M,6.66,8589223,41.05
121,Chhattisgarh,11,2020,202011, 30-11-2020, M,3.38,8705350,40.1
122,Chhattisgarh,12,2020,202012, 31-12-2020, M,7.2,8391157,40.15
123,Chhattisgarh,1,2021,202101, 31-01-2021, M,6.38,8828785,41.78
124,Chhattisgarh,2,2021,202102, 28-02-2021, M,5.99,8882237,41.77
125,Chhattisgarh,3,2021,202103, 31-03-2021, M,2.69,8580167,38.89
126,Chhattisgarh,4,2021,202104, 30-04-2021, M,3.04,9463460,42.96
127,Chhattisgarh,5,2021,202105, 31-05-2021, M,8.03,9313760,44.47
128,Chhattisgarh,6,2021,202106, 30-06-2021, M,2.57,9485491,42.66
129,Chhattisgarh,7,2021,202107, 31-07-2021, M,3.25,8798367,39.76
130,Chhattisgarh,8,2021,202108, 31-08-2021, M,3.78,8832789,40.04
131,Chhattisgarh,9,2021,202109, 30-09-2021, M,4.44,8730656,39.76
132,Chhattisgarh,10,2021,202110, 31-10-2021, M,3.05,9273796,41.54
133,Chhattisgarh,11,2021,202111, 30-11-2021, M,1.78,9674618,42.68
134,Chhattisgarh,12,2021,202112, 31-12-2021, M,2.15,9178194,40.55
135,Chhattisgarh,1,2022,202201, 31-01-2022, M,2.95,8500938,37.78
136,Chhattisgarh,2,2022,202202, 28-02-2022, M,1.71,9017314,39.49
137,Chhattisgarh,3,2022,202203, 31-03-2022, M,0.62,9213563,39.81
138,Chhattisgarh,4,2022,202204, 30-04-2022, M,0.63,9182412,39.6
139,Chhattisgarh,5,2022,202205, 31-05-2022, M,0.83,9158045,39.48
140,Chhattisgarh,6,2022,202206, 30-06-2022, M,1.19,9264047,39.99
141,Chhattisgarh,7,2022,202207, 31-07-2022, M,0.81,9384653,40.27
142,Chhattisgarh,8,2022,202208, 31-08-2022, M,0.36,9509955,40.53
143,Chhattisgarh,9,2022,202209, 30-09-2022, M,0.14,9410457,39.93
144,Chhattisgarh,10,2022,202210, 31-10-2022, M,0.9,9407168,40.13
145,Chhattisgarh,11,2022,202211, 30-11-2022, M,0.12,9186095,38.79
146,Chhattisgarh,12,2022,202212, 31-12-2022, M,3.43,9356493,40.77
147,Chhattisgarh,1,2023,202301, 31-01-2023, M,0.49,9369422,39.53
148,Delhi,1,2020,202001, 31-01-2020, M,22.23,5805284,47.79
149,Delhi,2,2020,202002, 29-02-2020, M,14.84,5856307,43.92
150,Delhi,3,2020,202003, 31-03-2020, M,17.04,5553805,42.65
151,Delhi,4,2020,202004, 30-04-2020, M,16.68,3119274,23.8
152,Delhi,5,2020,202005, 31-05-2020, M,42.27,2632404,28.91
153,Delhi,6,2020,202006, 30-06-2020, M,18.19,4418914,34.17
154,Delhi,7,2020,202007, 31-07-2020, M,20.3,4291053,33.97
155,Delhi,8,2020,202008, 31-08-2020, M,13.79,4850107,35.41
156,Delhi,9,2020,202009, 30-09-2020, M,12.53,4958373,35.59
157,Delhi,10,2020,202010, 31-10-2020, M,6.27,4842698,32.36
158,Delhi,11,2020,202011, 30-11-2020, M,6.57,5058039,33.83
159,Delhi,12,2020,202012, 31-12-2020, M,7.56,5341068,36.01
160,Delhi,1,2021,202101, 31-01-2021, M,12.51,5157974,36.65
161,Delhi,2,2021,202102, 28-02-2021, M,7.99,5176344,34.9
162,Delhi,3,2021,202103, 31-03-2021, M,9.41,5123006,35
163,Delhi,4,2021,202104, 30-04-2021, M,27.32,4160172,35.33
164,Delhi,5,2021,202105, 31-05-2021, M,45.56,2879334,32.56
165,Delhi,6,2021,202106, 30-06-2021, M,8.8,5089957,34.28
166,Delhi,7,2021,202107, 31-07-2021, M,10.7,5013429,34.4
167,Delhi,8,2021,202108, 31-08-2021, M,11.57,5058858,34.97
168,Delhi,9,2021,202109, 30-09-2021, M,16.81,5232193,38.35
169,Delhi,10,2021,202110, 31-10-2021, M,10.97,5389286,36.82
170,Delhi,11,2021,202111, 30-11-2021, M,9.3,4983968,33.34
171,Delhi,12,2021,202112, 31-12-2021, M,9.84,5180463,34.77
172,Delhi,1,2022,202201, 31-01-2022, M,14.08,5363152,37.68
173,Delhi,2,2022,202202, 28-02-2022, M,9.31,5359184,35.59
174,Delhi,3,2022,202203, 31-03-2022, M,8.86,5171901,34.09
175,Delhi,4,2022,202204, 30-04-2022, M,11.18,5376548,36.28
176,Delhi,5,2022,202205, 31-05-2022, M,13.64,5432451,37.6
177,Delhi,6,2022,202206, 30-06-2022, M,10.22,5337256,35.45
178,Delhi,7,2022,202207, 31-07-2022, M,8.92,5215741,34.06
179,Delhi,8,2022,202208, 31-08-2022, M,8.17,5421723,35.03
180,Delhi,9,2022,202209, 30-09-2022, M,9.62,5641051,36.94
181,Delhi,10,2022,202210, 31-10-2022, M,6.68,5432294,34.36
182,Delhi,11,2022,202211, 30-11-2022, M,12.64,5559098,37.47
183,Delhi,12,2022,202212, 31-12-2022, M,20.83,5635847,41.81
184,Delhi,1,2023,202301, 31-01-2023, M,16.7,5618417,39.52
185,Goa,1,2020,202001, 31-01-2020, M,8.89,416750,35.73
186,Goa,2,2020,202002, 29-02-2020, M,2.81,478068,38.38
187,Goa,3,2020,202003, 31-03-2020, M,5.25,411761,33.88
188,Goa,4,2020,202004, 30-04-2020, M,13.31,500614,44.97
189,Goa,5,2020,202005, 31-05-2020, M,21.25,378244,37.36
190,Goa,6,2020,202006, 30-06-2020, M,9.96,489111,42.21
191,Goa,7,2020,202007, 31-07-2020, M,17.07,458876,42.94
192,Goa,8,2020,202008, 31-08-2020, M,16.21,473016,43.76
193,Goa,9,2020,202009, 30-09-2020, M,15.38,425004,38.89
194,Goa,10,2020,202010, 31-10-2020, M,10.95,388583,33.75
195,Goa,11,2020,202011, 30-11-2020, M,15.88,376472,34.58
196,Goa,12,2020,202012, 31-12-2020, M,13.2,439150,39.05
197,Goa,1,2021,202101, 31-01-2021, M,16.01,424096,38.93
198,Goa,2,2021,202102, 28-02-2021, M,20.58,438421,42.51
199,Goa,3,2021,202103, 31-03-2021, M,22.08,393170,38.81
200,Goa,4,2021,202104, 30-04-2021, M,25.73,366499,37.92
201,Goa,5,2021,202105, 31-05-2021, M,20.49,450287,43.47
202,Goa,6,2021,202106, 30-06-2021, M,17.89,405565,37.87
203,Goa,7,2021,202107, 31-07-2021, M,21.71,398314,38.96
204,Goa,8,2021,202108, 31-08-2021, M,12.61,459677,40.24
205,Goa,9,2021,202109, 30-09-2021, M,7.44,413634,34.15
206,Goa,10,2021,202110, 31-10-2021, M,12.03,420856,36.51
207,Goa,11,2021,202111, 30-11-2021, M,12.65,413392,36.08
208,Goa,12,2021,202112, 31-12-2021, M,11.99,392368,33.95
209,Goa,1,2022,202201, 31-01-2022, M,11.58,399352,34.36
210,Goa,2,2022,202202, 28-02-2022, M,12.04,376336,32.51
211,Goa,3,2022,202203, 31-03-2022, M,12.74,422073,36.71
212,Goa,4,2022,202204, 30-04-2022, M,15.49,435354,39.06
213,Goa,5,2022,202205, 31-05-2022, M,13.42,374329,32.74
214,Goa,6,2022,202206, 30-06-2022, M,5.45,425949,34.08
215,Goa,7,2022,202207, 31-07-2022, M,13.7,373464,32.7
216,Goa,8,2022,202208, 31-08-2022, M,13.67,410887,35.92
217,Goa,9,2022,202209, 30-09-2022, M,10.86,392383,33.19
218,Goa,11,2022,202211, 30-11-2022, M,13.64,385967,33.62
219,Goa,12,2022,202212, 31-12-2022, M,9.9,426103,35.54
220,Goa,1,2023,202301, 31-01-2023, M,16.21,324404,29.06
221,Gujarat,1,2020,202001, 31-01-2020, M,5.54,24126346,48.49
222,Gujarat,2,2020,202002, 29-02-2020, M,6.38,24757795,50.11
223,Gujarat,3,2020,202003, 31-03-2020, M,6.66,23566641,47.75
224,Gujarat,4,2020,202004, 30-04-2020, M,18.71,15288878,35.5
225,Gujarat,5,2020,202005, 31-05-2020, M,12.11,17836936,38.23
226,Gujarat,6,2020,202006, 30-06-2020, M,3.2,23657055,45.96
227,Gujarat,7,2020,202007, 31-07-2020, M,1.84,24276120,46.41
228,Gujarat,8,2020,202008, 31-08-2020, M,1.87,22817232,43.55
229,Gujarat,9,2020,202009, 30-09-2020, M,3.41,24978668,48.34
230,Gujarat,10,2020,202010, 31-10-2020, M,4.03,25970259,50.49
231,Gujarat,11,2020,202011, 30-11-2020, M,3.86,24161076,46.79
232,Gujarat,12,2020,202012, 31-12-2020, M,3.05,21483898,41.18
233,Gujarat,1,2021,202101, 31-01-2021, M,3.19,24009720,46
234,Gujarat,2,2021,202102, 28-02-2021, M,3.17,24070070,46.02
235,Gujarat,3,2021,202103, 31-03-2021, M,2.16,24357415,46
236,Gujarat,4,2021,202104, 30-04-2021, M,1.77,24320086,45.66
237,Gujarat,5,2021,202105, 31-05-2021, M,2.34,24179141,45.57
238,Gujarat,6,2021,202106, 30-06-2021, M,1.79,24842134,46.46
239,Gujarat,7,2021,202107, 31-07-2021, M,1.82,25227354,47.1
240,Gujarat,8,2021,202108, 31-08-2021, M,1.61,23838107,44.33
241,Gujarat,9,2021,202109, 30-09-2021, M,1.29,25252205,46.71
242,Gujarat,10,2021,202110, 31-10-2021, M,2.39,25890884,48.34
243,Gujarat,11,2021,202111, 30-11-2021, M,1.45,25500373,47.06
244,Gujarat,12,2021,202112, 31-12-2021, M,1.63,24770121,45.71
245,Gujarat,1,2022,202201, 31-01-2022, M,1.17,25174157,46.15
246,Gujarat,2,2022,202202, 28-02-2022, M,2.47,26662328,49.44
247,Gujarat,3,2022,202203, 31-03-2022, M,1.8,25308074,46.51
248,Gujarat,4,2022,202204, 30-04-2022, M,1.55,25492174,46.64
249,Gujarat,5,2022,202205, 31-05-2022, M,2.1,25400738,46.64
250,Gujarat,6,2022,202206, 30-06-2022, M,3.01,25247094,46.7
251,Gujarat,7,2022,202207, 31-07-2022, M,2.24,25906215,47.45
252,Gujarat,8,2022,202208, 31-08-2022, M,2.63,23595197,43.3
253,Gujarat,9,2022,202209, 30-09-2022, M,1.56,25465156,46.14
254,Gujarat,10,2022,202210, 31-10-2022, M,1.66,27158425,49.16
255,Gujarat,11,2022,202211, 30-11-2022, M,2.49,25218911,45.95
256,Gujarat,12,2022,202212, 31-12-2022, M,2.31,25502190,46.29
257,Gujarat,1,2023,202301, 31-01-2023, M,2.38,25126499,45.54
258,Haryana,1,2020,202001, 31-01-2020, M,20.34,7693231,43.36
259,Haryana,2,2020,202002, 29-02-2020, M,25.77,7322942,44.21
260,Haryana,3,2020,202003, 31-03-2020, M,25.05,6641555,39.63
261,Haryana,4,2020,202004, 30-04-2020, M,43.22,5647630,44.38
262,Haryana,5,2020,202005, 31-05-2020, M,29.02,6437868,40.39
263,Haryana,6,2020,202006, 30-06-2020, M,26.7,6951934,42.14
264,Haryana,7,2020,202007, 31-07-2020, M,24.18,6800652,39.77
265,Haryana,8,2020,202008, 31-08-2020, M,33.5,7113788,47.32
266,Haryana,9,2020,202009, 30-09-2020, M,19.33,7190435,39.35
267,Haryana,10,2020,202010, 31-10-2020, M,27.32,6686733,40.53
268,Haryana,11,2020,202011, 30-11-2020, M,25.61,7054038,41.68
269,Haryana,12,2020,202012, 31-12-2020, M,32.49,6723049,43.69
270,Haryana,1,2021,202101, 31-01-2021, M,17.65,7510342,39.92
271,Haryana,2,2021,202102, 28-02-2021, M,26.31,6808544,40.36
272,Haryana,3,2021,202103, 31-03-2021, M,27.58,7255469,43.67
273,Haryana,4,2021,202104, 30-04-2021, M,35.13,6860556,46
274,Haryana,5,2021,202105, 31-05-2021, M,28.73,6425654,39.13
275,Haryana,6,2021,202106, 30-06-2021, M,27.84,6772377,40.65
276,Haryana,7,2021,202107, 31-07-2021, M,28.08,6997825,42.05
277,Haryana,8,2021,202108, 31-08-2021, M,35.7,6933829,46.51
278,Haryana,9,2021,202109, 30-09-2021, M,21.13,7360554,40.16
279,Haryana,10,2021,202110, 31-10-2021, M,30.69,6828800,42.31
280,Haryana,11,2021,202111, 30-11-2021, M,29.2,7024063,42.51
281,Haryana,12,2021,202112, 31-12-2021, M,34.07,7149677,46.37
282,Haryana,1,2022,202201, 31-01-2022, M,23.36,7408951,41.25
283,Haryana,2,2022,202202, 28-02-2022, M,30.94,6895203,42.52
284,Haryana,3,2022,202203, 31-03-2022, M,26.5,7009253,40.52
285,Haryana,4,2022,202204, 30-04-2022, M,34.48,7122831,46.1
286,Haryana,5,2022,202205, 31-05-2022, M,24.6,7351377,41.25
287,Haryana,6,2022,202206, 30-06-2022, M,30.53,6782012,41.22
288,Haryana,7,2022,202207, 31-07-2022, M,26.92,7056243,40.68
289,Haryana,8,2022,202208, 31-08-2022, M,37.34,7112319,47.72
290,Haryana,9,2022,202209, 30-09-2022, M,22.94,7378110,40.17
291,Haryana,10,2022,202210, 31-10-2022, M,31.67,6972544,42.71
292,Haryana,11,2022,202211, 30-11-2022, M,30.55,7301170,43.91
293,Haryana,12,2022,202212, 31-12-2022, M,37.38,7218479,48.05
294,Haryana,1,2023,202301, 31-01-2023, M,21.7,7756570,41.2
295,Himachal Pradesh,1,2020,202001, 31-01-2020, M,16.83,2287632,45.5
296,Himachal Pradesh,2,2020,202002, 29-02-2020, M,16.84,2180268,43.3
297,Himachal Pradesh,3,2020,202003, 31-03-2020, M,18.76,2021858,41.04
298,Himachal Pradesh,4,2020,202004, 30-04-2020, M,2.2,1131128,19.04
299,Himachal Pradesh,5,2020,202005, 31-05-2020, M,26.95,1897639,42.7
300,Himachal Pradesh,6,2020,202006, 30-06-2020, M,13.47,2199683,41.72
301,Himachal Pradesh,7,2020,202007, 31-07-2020, M,24.31,2229456,48.25
302,Himachal Pradesh,8,2020,202008, 31-08-2020, M,15.79,2029740,39.42
303,Himachal Pradesh,9,2020,202009, 30-09-2020, M,11.41,2240699,41.3
304,Himachal Pradesh,10,2020,202010, 31-10-2020, M,13.46,2123965,40.01
305,Himachal Pradesh,11,2020,202011, 30-11-2020, M,15.86,1968783,38.08
306,Himachal Pradesh,12,2020,202012, 31-12-2020, M,7.86,2174653,38.35
307,Himachal Pradesh,1,2021,202101, 31-01-2021, M,11.55,2248174,41.23
308,Himachal Pradesh,2,2021,202102, 28-02-2021, M,15.57,2075852,39.83
309,Himachal Pradesh,3,2021,202103, 31-03-2021, M,14.24,1927818,36.35
310,Himachal Pradesh,4,2021,202104, 30-04-2021, M,11.06,2000101,36.31
311,Himachal Pradesh,5,2021,202105, 31-05-2021, M,7.72,2226706,38.89
312,Himachal Pradesh,6,2021,202106, 30-06-2021, M,16.89,1952465,37.8
313,Himachal Pradesh,7,2021,202107, 31-07-2021, M,14.98,2025194,38.27
314,Himachal Pradesh,8,2021,202108, 31-08-2021, M,3.74,2095797,34.92
315,Himachal Pradesh,9,2021,202109, 30-09-2021, M,8.68,1939804,34.01
316,Himachal Pradesh,10,2021,202110, 31-10-2021, M,14.05,1907142,35.47
317,Himachal Pradesh,11,2021,202111, 30-11-2021, M,13.78,1881626,34.83
318,Himachal Pradesh,12,2021,202112, 31-12-2021, M,9.37,1957488,34.42
319,Himachal Pradesh,1,2022,202201, 31-01-2022, M,13.81,1822901,33.65
320,Himachal Pradesh,2,2022,202202, 28-02-2022, M,11.79,1794606,32.32
321,Himachal Pradesh,3,2022,202203, 31-03-2022, M,11.69,1711147,30.73
322,Himachal Pradesh,4,2022,202204, 30-04-2022, M,0.22,1908765,30.29
323,Himachal Pradesh,5,2022,202205, 31-05-2022, M,9.58,2022323,35.35
324,Himachal Pradesh,6,2022,202206, 30-06-2022, M,10.68,1945233,34.37
325,Himachal Pradesh,7,2022,202207, 31-07-2022, M,6.32,2609172,43.88
326,Himachal Pradesh,8,2022,202208, 31-08-2022, M,7.28,1575872,26.73
327,Himachal Pradesh,9,2022,202209, 30-09-2022, M,8.62,2281366,39.21
328,Himachal Pradesh,10,2022,202210, 31-10-2022, M,9.69,1999716,34.72
329,Himachal Pradesh,11,2022,202211, 30-11-2022, M,8.81,2075669,35.63
330,Himachal Pradesh,12,2022,202212, 31-12-2022, M,7.63,2242183,37.93
331,Himachal Pradesh,1,2023,202301, 31-01-2023, M,10.03,2182799,37.85
332,Jammu & Kashmir,1,2020,202001, 31-01-2020, M,21.08,3453025,42.2
333,Jammu & Kashmir,2,2020,202002, 29-02-2020, M,20.78,3223513,39.17
334,Jammu & Kashmir,3,2020,202003, 31-03-2020, M,15.5,3359107,38.18
335,Jammu & Kashmir,5,2020,202005, 31-05-2020, M,18.74,3246493,38.21
336,Jammu & Kashmir,6,2020,202006, 30-06-2020, M,17.92,3202336,37.24
337,Jammu & Kashmir,7,2020,202007, 31-07-2020, M,10.88,3558889,38.03
338,Jammu & Kashmir,8,2020,202008, 31-08-2020, M,11.09,3429950,36.66
339,Jammu & Kashmir,9,2020,202009, 30-09-2020, M,16.17,3210281,36.31
340,Jammu & Kashmir,10,2020,202010, 31-10-2020, M,16.14,3106691,35.05
341,Jammu & Kashmir,11,2020,202011, 30-11-2020, M,8.55,3105513,32.07
342,Jammu & Kashmir,12,2020,202012, 31-12-2020, M,16.61,3333288,37.67
343,Jammu & Kashmir,1,2021,202101, 31-01-2021, M,21.9,3308895,39.83
344,Jammu & Kashmir,2,2021,202102, 28-02-2021, M,14.21,3075564,33.64
345,Jammu & Kashmir,3,2021,202103, 31-03-2021, M,9.53,2994081,30.99
346,Jammu & Kashmir,4,2021,202104, 30-04-2021, M,11.45,3578310,37.76
347,Jammu & Kashmir,5,2021,202105, 31-05-2021, M,11.92,3494510,36.99
348,Jammu & Kashmir,6,2021,202106, 30-06-2021, M,10.57,3273797,34.06
349,Jammu & Kashmir,7,2021,202107, 31-07-2021, M,15.4,3383418,37.13
350,Jammu & Kashmir,8,2021,202108, 31-08-2021, M,13.57,3518412,37.72
351,Jammu & Kashmir,9,2021,202109, 30-09-2021, M,21.45,3335458,39.25
352,Jammu & Kashmir,10,2021,202110, 31-10-2021, M,22.2,3185277,37.77
353,Jammu & Kashmir,11,2021,202111, 30-11-2021, M,21.17,3480110,40.64
354,Jammu & Kashmir,12,2021,202112, 31-12-2021, M,15.03,3759129,40.64
355,Jammu & Kashmir,1,2022,202201, 31-01-2022, M,15.19,3344297,36.14
356,Jammu & Kashmir,2,2022,202202, 28-02-2022, M,13.17,3282942,34.59
357,Jammu & Kashmir,3,2022,202203, 31-03-2022, M,25.01,3358617,40.88
358,Jammu & Kashmir,4,2022,202204, 30-04-2022, M,15.64,3420154,36.93
359,Jammu & Kashmir,5,2022,202205, 31-05-2022, M,18.3,3347152,37.24
360,Jammu & Kashmir,6,2022,202206, 30-06-2022, M,17.23,3320692,36.39
361,Jammu & Kashmir,7,2022,202207, 31-07-2022, M,20.22,3226431,36.6
362,Jammu & Kashmir,8,2022,202208, 31-08-2022, M,32.75,3263603,43.83
363,Jammu & Kashmir,9,2022,202209, 30-09-2022, M,23.18,3379733,39.65
364,Jammu & Kashmir,10,2022,202210, 31-10-2022, M,22.63,3298669,38.34
365,Jammu & Kashmir,11,2022,202211, 30-11-2022, M,22.43,3415978,39.52
366,Jammu & Kashmir,12,2022,202212, 31-12-2022, M,14.81,3655134,38.42
367,Jammu & Kashmir,1,2023,202301, 31-01-2023, M,21.78,3457405,39.49
368,Jharkhand,1,2020,202001, 31-01-2020, M,10.61,10198029,42.92
369,Jharkhand,2,2020,202002, 29-02-2020, M,11.85,10425425,44.4
370,Jharkhand,3,2020,202003, 31-03-2020, M,8.23,9638115,39.34
371,Jharkhand,4,2020,202004, 30-04-2020, M,47.09,5335262,37.69
372,Jharkhand,5,2020,202005, 31-05-2020, M,59.23,4145385,37.92
373,Jharkhand,6,2020,202006, 30-06-2020, M,20.95,8622722,40.59
374,Jharkhand,7,2020,202007, 31-07-2020, M,7.63,9521900,38.27
375,Jharkhand,8,2020,202008, 31-08-2020, M,9.76,9331640,38.31
376,Jharkhand,9,2020,202009, 30-09-2020, M,9.28,9980378,40.67
377,Jharkhand,10,2020,202010, 31-10-2020, M,11.8,10302276,43.08
378,Jharkhand,11,2020,202011, 30-11-2020, M,9.54,9574705,38.96
379,Jharkhand,12,2020,202012, 31-12-2020, M,12.4,9652716,40.47
380,Jharkhand,1,2021,202101, 31-01-2021, M,11.31,10005873,41.34
381,Jharkhand,2,2021,202102, 28-02-2021, M,12.17,10198512,42.46
382,Jharkhand,3,2021,202103, 31-03-2021, M,12.75,9655793,40.38
383,Jharkhand,4,2021,202104, 30-04-2021, M,16.48,9559528,41.67
384,Jharkhand,5,2021,202105, 31-05-2021, M,15.96,9288715,40.15
385,Jharkhand,6,2021,202106, 30-06-2021, M,12.74,10751681,44.67
386,Jharkhand,7,2021,202107, 31-07-2021, M,9.4,10261921,40.97
387,Jharkhand,8,2021,202108, 31-08-2021, M,15.96,9916315,42.58
388,Jharkhand,9,2021,202109, 30-09-2021, M,13.1,9911480,41.07
389,Jharkhand,10,2021,202110, 31-10-2021, M,18.1,9915511,43.5
390,Jharkhand,11,2021,202111, 30-11-2021, M,11.17,10028822,40.47
391,Jharkhand,12,2021,202112, 31-12-2021, M,17.3,9843649,42.58
392,Jharkhand,1,2022,202201, 31-01-2022, M,8.95,10473498,41.06
393,Jharkhand,2,2022,202202, 28-02-2022, M,14.97,10398909,43.56
394,Jharkhand,3,2022,202203, 31-03-2022, M,14.46,9832141,40.85
395,Jharkhand,4,2022,202204, 30-04-2022, M,14.16,10076823,41.63
396,Jharkhand,5,2022,202205, 31-05-2022, M,13.14,10545402,42.96
397,Jharkhand,6,2022,202206, 30-06-2022, M,12.06,10832466,43.5
398,Jharkhand,7,2022,202207, 31-07-2022, M,13.96,9889485,40.49
399,Jharkhand,8,2022,202208, 31-08-2022, M,17.31,10407392,44.24
400,Jharkhand,9,2022,202209, 30-09-2022, M,12.21,10299001,41.15
401,Jharkhand,10,2022,202210, 31-10-2022, M,17.14,10254856,43.31
402,Jharkhand,11,2022,202211, 30-11-2022, M,14.32,10130814,41.29
403,Jharkhand,12,2022,202212, 31-12-2022, M,17.98,9869151,41.93
404,Jharkhand,1,2023,202301, 31-01-2023, M,13.83,9876100,39.85
405,Karnataka,1,2020,202001, 31-01-2020, M,2.86,22688028,42.18
406,Karnataka,2,2020,202002, 29-02-2020, M,3.61,21677719,40.54
407,Karnataka,3,2020,202003, 31-03-2020, M,3.46,22079653,41.14
408,Karnataka,4,2020,202004, 30-04-2020, M,29.84,16718395,42.78
409,Karnataka,5,2020,202005, 31-05-2020, M,19.97,19397853,43.43
410,Karnataka,6,2020,202006, 30-06-2020, M,8.44,24215057,47.29
411,Karnataka,7,2020,202007, 31-07-2020, M,4.01,22885616,42.55
412,Karnataka,8,2020,202008, 31-08-2020, M,0.5,24094289,43.13
413,Karnataka,9,2020,202009, 30-09-2020, M,2.4,20131894,36.67
414,Karnataka,10,2020,202010, 31-10-2020, M,1.58,22349602,40.28
415,Karnataka,11,2020,202011, 30-11-2020, M,1.86,21714939,39.18
416,Karnataka,12,2020,202012, 31-12-2020, M,1.39,22393716,40.13
417,Karnataka,1,2021,202101, 31-01-2021, M,3.28,21869339,39.87
418,Karnataka,2,2021,202102, 28-02-2021, M,2.5,22537746,40.69
419,Karnataka,3,2021,202103, 31-03-2021, M,1.16,21854018,38.84
420,Karnataka,4,2021,202104, 30-04-2021, M,2.03,23110478,41.36
421,Karnataka,5,2021,202105, 31-05-2021, M,5.27,23612747,43.61
422,Karnataka,6,2021,202106, 30-06-2021, M,5.55,22953054,42.43
423,Karnataka,7,2021,202107, 31-07-2021, M,2.05,22332124,39.73
424,Karnataka,8,2021,202108, 31-08-2021, M,1.49,22829342,40.3
425,Karnataka,9,2021,202109, 30-09-2021, M,3.12,22163002,39.71
426,Karnataka,10,2021,202110, 31-10-2021, M,1.51,24643524,43.34
427,Karnataka,11,2021,202111, 30-11-2021, M,2.77,20836015,37.05
428,Karnataka,12,2021,202112, 31-12-2021, M,1.44,22266608,38.98
429,Karnataka,1,2022,202201, 31-01-2022, M,2.88,21975083,38.96
430,Karnataka,2,2022,202202, 28-02-2022, M,1.98,23873003,41.86
431,Karnataka,3,2022,202203, 31-03-2022, M,1.84,22451982,39.23
432,Karnataka,4,2022,202204, 30-04-2022, M,2.71,22066947,38.82
433,Karnataka,5,2022,202205, 31-05-2022, M,4.27,21372315,38.14
434,Karnataka,6,2022,202206, 30-06-2022, M,3.66,22531645,39.87
435,Karnataka,7,2022,202207, 31-07-2022, M,3.48,22259296,39.24
436,Karnataka,8,2022,202208, 31-08-2022, M,3.48,22167284,39
437,Karnataka,9,2022,202209, 30-09-2022, M,3.72,21163711,37.25
438,Karnataka,10,2022,202210, 31-10-2022, M,2.84,22014059,38.32
439,Karnataka,11,2022,202211, 30-11-2022, M,1.77,22472983,38.61
440,Karnataka,12,2022,202212, 31-12-2022, M,2.45,22338884,38.57
441,Karnataka,1,2023,202301, 31-01-2023, M,3.36,21619779,37.61
442,Kerala,1,2020,202001, 31-01-2020, M,5.31,9904534,37.12
443,Kerala,2,2020,202002, 29-02-2020, M,7.6,9828023,37.71
444,Kerala,3,2020,202003, 31-03-2020, M,8.99,8221728,32
445,Kerala,4,2020,202004, 30-04-2020, M,16.99,3933276,16.77
446,Kerala,5,2020,202005, 31-05-2020, M,17.88,7921962,34.11
447,Kerala,6,2020,202006, 30-06-2020, M,9.71,9228268,36.11
448,Kerala,7,2020,202007, 31-07-2020, M,7.09,9504420,36.1
449,Kerala,8,2020,202008, 31-08-2020, M,10.98,9031944,35.78
450,Kerala,9,2020,202009, 30-09-2020, M,5.91,9240913,34.6
451,Kerala,10,2020,202010, 31-10-2020, M,3.88,9152881,33.52
452,Kerala,11,2020,202011, 30-11-2020, M,5.83,8472442,31.64
453,Kerala,12,2020,202012, 31-12-2020, M,6.45,9556138,35.89
454,Kerala,1,2021,202101, 31-01-2021, M,5.46,9264917,34.39
455,Kerala,2,2021,202102, 28-02-2021, M,4.3,9336761,34.21
456,Kerala,3,2021,202103, 31-03-2021, M,5.9,8804500,32.78
457,Kerala,4,2021,202104, 30-04-2021, M,7.52,9603392,36.35
458,Kerala,5,2021,202105, 31-05-2021, M,23.52,7458637,34.1
459,Kerala,6,2021,202106, 30-06-2021, M,15.77,7752486,32.16
460,Kerala,7,2021,202107, 31-07-2021, M,7.52,8439403,31.85
461,Kerala,8,2021,202108, 31-08-2021, M,7.81,9544849,36.11
462,Kerala,9,2021,202109, 30-09-2021, M,8.95,8971738,34.33
463,Kerala,10,2021,202110, 31-10-2021, M,5.39,9625925,35.42
464,Kerala,11,2021,202111, 30-11-2021, M,7.09,8885861,33.26
465,Kerala,12,2021,202112, 31-12-2021, M,6.69,9872876,36.76
466,Kerala,1,2022,202201, 31-01-2022, M,4.95,9215981,33.66
467,Kerala,2,2022,202202, 28-02-2022, M,4.95,9665889,35.27
468,Kerala,3,2022,202203, 31-03-2022, M,6.74,9066457,33.68
469,Kerala,4,2022,202204, 30-04-2022, M,5.84,9688763,35.62
470,Kerala,5,2022,202205, 31-05-2022, M,5.83,9545387,35.06
471,Kerala,6,2022,202206, 30-06-2022, M,5.32,9643789,35.19
472,Kerala,7,2022,202207, 31-07-2022, M,4.93,8760972,31.81
473,Kerala,8,2022,202208, 31-08-2022, M,6.1,9811411,36.04
474,Kerala,9,2022,202209, 30-09-2022, M,6.36,9567282,35.2
475,Kerala,10,2022,202210, 31-10-2022, M,4.84,9807950,35.48
476,Kerala,11,2022,202211, 30-11-2022, M,5.92,9040036,33.05
477,Kerala,12,2022,202212, 31-12-2022, M,7.42,9968523,37
478,Kerala,1,2023,202301, 31-01-2023, M,6.69,9551665,35.14
479,Madhya Pradesh,1,2020,202001, 31-01-2020, M,4.11,23018632,39.42
480,Madhya Pradesh,2,2020,202002, 29-02-2020, M,4.57,22711479,39
481,Madhya Pradesh,3,2020,202003, 31-03-2020, M,2.22,22867164,38.24
482,Madhya Pradesh,4,2020,202004, 30-04-2020, M,12.36,19041832,35.45
483,Madhya Pradesh,5,2020,202005, 31-05-2020, M,21.98,18443927,38.48
484,Madhya Pradesh,6,2020,202006, 30-06-2020, M,6.48,23054646,40.04
485,Madhya Pradesh,7,2020,202007, 31-07-2020, M,5.08,23940158,40.88
486,Madhya Pradesh,8,2020,202008, 31-08-2020, M,4.7,23619011,40.08
487,Madhya Pradesh,9,2020,202009, 30-09-2020, M,3.93,23396559,39.3
488,Madhya Pradesh,10,2020,202010, 31-10-2020, M,3.26,23109279,38.46
489,Madhya Pradesh,11,2020,202011, 30-11-2020, M,4.34,24437387,41.04
490,Madhya Pradesh,12,2020,202012, 31-12-2020, M,3.99,23864423,39.85
491,Madhya Pradesh,1,2021,202101, 31-01-2021, M,6.15,23183713,39.51
492,Madhya Pradesh,2,2021,202102, 28-02-2021, M,2.02,22589307,36.8
493,Madhya Pradesh,3,2021,202103, 31-03-2021, M,1.5,24004347,38.82
494,Madhya Pradesh,4,2021,202104, 30-04-2021, M,1.35,22705824,36.58
495,Madhya Pradesh,5,2021,202105, 31-05-2021, M,5.16,21795692,36.44
496,Madhya Pradesh,6,2021,202106, 30-06-2021, M,2.34,22680487,36.75
497,Madhya Pradesh,7,2021,202107, 31-07-2021, M,2.3,24438028,39.49
498,Madhya Pradesh,8,2021,202108, 31-08-2021, M,3.49,23825304,38.89
499,Madhya Pradesh,9,2021,202109, 30-09-2021, M,3.09,23749761,38.53
500,Madhya Pradesh,10,2021,202110, 31-10-2021, M,1.82,23093728,36.89
501,Madhya Pradesh,11,2021,202111, 30-11-2021, M,1.56,24396190,38.79
502,Madhya Pradesh,12,2021,202112, 31-12-2021, M,3.37,24112509,38.97
503,Madhya Pradesh,1,2022,202201, 31-01-2022, M,2.95,23342443,37.48
504,Madhya Pradesh,2,2022,202202, 28-02-2022, M,2.82,22384212,35.82
505,Madhya Pradesh,3,2022,202203, 31-03-2022, M,1.59,23966634,37.79
506,Madhya Pradesh,4,2022,202204, 30-04-2022, M,1.61,23777291,37.41
507,Madhya Pradesh,5,2022,202205, 31-05-2022, M,1.71,23391740,36.76
508,Madhya Pradesh,6,2022,202206, 30-06-2022, M,0.53,22801375,35.33
509,Madhya Pradesh,7,2022,202207, 31-07-2022, M,1.94,24151740,37.88
510,Madhya Pradesh,8,2022,202208, 31-08-2022, M,2.61,24046966,37.89
511,Madhya Pradesh,9,2022,202209, 30-09-2022, M,0.81,24010183,37.07
512,Madhya Pradesh,10,2022,202210, 31-10-2022, M,0.78,23704517,36.5
513,Madhya Pradesh,11,2022,202211, 30-11-2022, M,6.87,24161720,39.55
514,Madhya Pradesh,12,2022,202212, 31-12-2022, M,3.24,24553560,38.6
515,Madhya Pradesh,1,2023,202301, 31-01-2023, M,1.89,24181087,37.41
516,Maharashtra,1,2020,202001, 31-01-2020, M,4.95,42596868,44.19
517,Maharashtra,2,2020,202002, 29-02-2020, M,4.69,42416317,43.8
518,Maharashtra,3,2020,202003, 31-03-2020, M,5.79,40196806,41.91
519,Maharashtra,4,2020,202004, 30-04-2020, M,20.9,27689253,34.32
520,Maharashtra,5,2020,202005, 31-05-2020, M,15.46,32116847,37.17
521,Maharashtra,6,2020,202006, 30-06-2020, M,9.23,39708538,42.71
522,Maharashtra,7,2020,202007, 31-07-2020, M,3.89,40998545,41.57
523,Maharashtra,8,2020,202008, 31-08-2020, M,6.23,40963616,42.49
524,Maharashtra,9,2020,202009, 30-09-2020, M,4.54,41970885,42.67
525,Maharashtra,10,2020,202010, 31-10-2020, M,4.2,42984107,43.46
526,Maharashtra,11,2020,202011, 30-11-2020, M,2.98,41835346,41.69
527,Maharashtra,12,2020,202012, 31-12-2020, M,3.9,41852719,42.02
528,Maharashtra,1,2021,202101, 31-01-2021, M,3.79,42638718,42.68
529,Maharashtra,2,2021,202102, 28-02-2021, M,3.75,43096660,43.04
530,Maharashtra,3,2021,202103, 31-03-2021, M,3.55,44407556,44.16
531,Maharashtra,4,2021,202104, 30-04-2021, M,5.47,40125662,40.64
532,Maharashtra,5,2021,202105, 31-05-2021, M,5.75,40887966,41.45
533,Maharashtra,6,2021,202106, 30-06-2021, M,4.29,42688095,42.53
534,Maharashtra,7,2021,202107, 31-07-2021, M,4.28,44095200,43.84
535,Maharashtra,8,2021,202108, 31-08-2021, M,4.36,44637546,44.32
536,Maharashtra,9,2021,202109, 30-09-2021, M,4.53,44651998,44.33
537,Maharashtra,10,2021,202110, 31-10-2021, M,4.33,43813077,43.32
538,Maharashtra,11,2021,202111, 30-11-2021, M,4.69,46831192,46.39
539,Maharashtra,12,2021,202112, 31-12-2021, M,3.77,47665595,46.67
540,Maharashtra,1,2022,202201, 31-01-2022, M,4.21,44712496,43.89
541,Maharashtra,2,2022,202202, 28-02-2022, M,4.34,44594701,43.76
542,Maharashtra,3,2022,202203, 31-03-2022, M,4,45806483,44.69
543,Maharashtra,4,2022,202204, 30-04-2022, M,3.13,47035554,45.39
544,Maharashtra,5,2022,202205, 31-05-2022, M,4.19,42997796,41.87
545,Maharashtra,6,2022,202206, 30-06-2022, M,4.83,42584307,41.67
546,Maharashtra,7,2022,202207, 31-07-2022, M,3.67,45182050,43.59
547,Maharashtra,8,2022,202208, 31-08-2022, M,2.24,46562066,44.17
548,Maharashtra,9,2022,202209, 30-09-2022, M,3.94,46302434,44.61
549,Maharashtra,10,2022,202210, 31-10-2022, M,4.32,45206676,43.64
550,Maharashtra,11,2022,202211, 30-11-2022, M,3.6,47376524,45.31
551,Maharashtra,12,2022,202212, 31-12-2022, M,3.12,47223311,44.85
552,Maharashtra,1,2023,202301, 31-01-2023, M,5.49,45514590,44.22
553,Meghalaya,1,2020,202001, 31-01-2020, M,1.66,1491093,65.49
554,Meghalaya,2,2020,202002, 29-02-2020, M,3.59,1346829,60.2
555,Meghalaya,3,2020,202003, 31-03-2020, M,1.58,1482351,64.74
556,Meghalaya,4,2020,202004, 30-04-2020, M,10.03,965057,45.99
557,Meghalaya,5,2020,202005, 31-05-2020, M,5.92,1215064,55.24
558,Meghalaya,6,2020,202006, 30-06-2020, M,1.15,1350794,58.31
559,Meghalaya,7,2020,202007, 31-07-2020, M,2.1,1448106,62.96
560,Meghalaya,8,2020,202008, 31-08-2020, M,3.74,1357643,59.88
561,Meghalaya,9,2020,202009, 30-09-2020, M,4.29,1459726,64.6
562,Meghalaya,10,2020,202010, 31-10-2020, M,4.6,1381490,61.18
563,Meghalaya,11,2020,202011, 30-11-2020, M,1.12,1425271,60.75
564,Meghalaya,12,2020,202012, 31-12-2020, M,6.58,1320920,59.45
565,Meghalaya,1,2021,202101, 31-01-2021, M,3.28,1412004,61.23
566,Meghalaya,2,2021,202102, 28-02-2021, M,3.83,1326534,57.72
567,Meghalaya,3,2021,202103, 31-03-2021, M,1.31,1516752,64.15
568,Meghalaya,4,2021,202104, 30-04-2021, M,1.44,1385061,58.52
569,Meghalaya,5,2021,202105, 31-05-2021, M,6.49,1293466,57.46
570,Meghalaya,6,2021,202106, 30-06-2021, M,2.84,1472538,62.8
571,Meghalaya,7,2021,202107, 31-07-2021, M,0.39,1598729,66.34
572,Meghalaya,8,2021,202108, 31-08-2021, M,0.58,1444334,59.9
573,Meghalaya,9,2021,202109, 30-09-2021, M,2.06,1497799,62.9
574,Meghalaya,10,2021,202110, 31-10-2021, M,1.82,1326274,55.42
575,Meghalaya,11,2021,202111, 30-11-2021, M,0.73,1486378,61.29
576,Meghalaya,12,2021,202112, 31-12-2021, M,3.04,1363563,57.41
577,Meghalaya,1,2022,202201, 31-01-2022, M,1.51,1461898,60.45
578,Meghalaya,2,2022,202202, 28-02-2022, M,1.41,1545712,63.71
579,Meghalaya,3,2022,202203, 31-03-2022, M,1.99,1464188,60.56
580,Meghalaya,4,2022,202204, 30-04-2022, M,2.23,1428366,59.07
581,Meghalaya,5,2022,202205, 31-05-2022, M,4.06,1465621,61.62
582,Meghalaya,6,2022,202206, 30-06-2022, M,2.32,1453711,59.88
583,Meghalaya,7,2022,202207, 31-07-2022, M,1.49,1522255,62.03
584,Meghalaya,8,2022,202208, 31-08-2022, M,2,1492548,60.98
585,Meghalaya,9,2022,202209, 30-09-2022, M,2.28,1596874,65.27
586,Meghalaya,10,2022,202210, 31-10-2022, M,3.5,1444631,59.65
587,Meghalaya,11,2022,202211, 30-11-2022, M,2.3,1554144,63.23
588,Meghalaya,12,2022,202212, 31-12-2022, M,2.66,1524921,62.11
589,Meghalaya,1,2023,202301, 31-01-2023, M,2.63,1659639,67.41
590,Odisha,1,2020,202001, 31-01-2020, M,1.9,13743448,39.44
591,Odisha,2,2020,202002, 29-02-2020, M,3.12,14280735,41.44
592,Odisha,3,2020,202003, 31-03-2020, M,13.08,12272109,39.62
593,Odisha,4,2020,202004, 30-04-2020, M,23.76,6865693,25.23
594,Odisha,5,2020,202005, 31-05-2020, M,11.41,11730937,37.04
595,Odisha,6,2020,202006, 30-06-2020, M,3.77,12903993,37.45
596,Odisha,7,2020,202007, 31-07-2020, M,1.88,13614400,38.69
597,Odisha,8,2020,202008, 31-08-2020, M,1.42,14154039,39.96
598,Odisha,9,2020,202009, 30-09-2020, M,2.1,13608422,38.63
599,Odisha,10,2020,202010, 31-10-2020, M,2.18,14094553,39.98
600,Odisha,11,2020,202011, 30-11-2020, M,1.7,14294301,40.28
601,Odisha,12,2020,202012, 31-12-2020, M,0.16,14645274,40.57
602,Odisha,1,2021,202101, 31-01-2021, M,2.97,13790183,39.24
603,Odisha,2,2021,202102, 28-02-2021, M,2.46,14077007,39.79
604,Odisha,3,2021,202103, 31-03-2021, M,1.56,14055367,39.29
605,Odisha,4,2021,202104, 30-04-2021, M,1.88,14869145,41.64
606,Odisha,5,2021,202105, 31-05-2021, M,7.02,12976729,38.29
607,Odisha,6,2021,202106, 30-06-2021, M,3.65,13467650,38.28
608,Odisha,7,2021,202107, 31-07-2021, M,1.08,14895116,41.17
609,Odisha,8,2021,202108, 31-08-2021, M,2.17,14349717,40.04
610,Odisha,9,2021,202109, 30-09-2021, M,2.82,13686328,38.38
611,Odisha,10,2021,202110, 31-10-2021, M,1.05,14303074,39.33
612,Odisha,11,2021,202111, 30-11-2021, M,0.59,15384070,42.04
613,Odisha,12,2021,202112, 31-12-2021, M,1.58,14802549,40.79
614,Odisha,1,2022,202201, 31-01-2022, M,1.79,14241847,39.26
615,Odisha,2,2022,202202, 28-02-2022, M,0.99,15169452,41.42
616,Odisha,3,2022,202203, 31-03-2022, M,9.67,13689178,40.9
617,Odisha,4,2022,202204, 30-04-2022, M,1.54,14986632,41.01
618,Odisha,5,2022,202205, 31-05-2022, M,2.62,14342999,39.62
619,Odisha,6,2022,202206, 30-06-2022, M,1.2,15728510,42.76
620,Odisha,7,2022,202207, 31-07-2022, M,0.87,14851779,40.17
621,Odisha,8,2022,202208, 31-08-2022, M,2.58,14149480,38.88
622,Odisha,9,2022,202209, 30-09-2022, M,2.93,14372291,39.57
623,Odisha,10,2022,202210, 31-10-2022, M,1.14,15148929,40.89
624,Odisha,11,2022,202211, 30-11-2022, M,1.57,15467854,41.86
625,Odisha,12,2022,202212, 31-12-2022, M,0.92,15409441,41.36
626,Odisha,1,2023,202301, 31-01-2023, M,1.49,14740136,39.72
627,Puducherry,1,2020,202001, 31-01-2020, M,0.58,457950,37.46
628,Puducherry,2,2020,202002, 29-02-2020, M,1.76,493961,40.8
629,Puducherry,3,2020,202003, 31-03-2020, M,1.2,421028,34.49
630,Puducherry,4,2020,202004, 30-04-2020, M,75.85,117542,39.3
631,Puducherry,5,2020,202005, 31-05-2020, M,58.19,172308,33.19
632,Puducherry,6,2020,202006, 30-06-2020, M,4.24,367135,30.8
633,Puducherry,7,2020,202007, 31-07-2020, M,15.47,386563,36.64
634,Puducherry,8,2020,202008, 31-08-2020, M,5.05,396006,33.34
635,Puducherry,9,2020,202009, 30-09-2020, M,10.9,411717,36.84
636,Puducherry,10,2020,202010, 31-10-2020, M,6.18,428419,36.32
637,Puducherry,11,2020,202011, 30-11-2020, M,2.18,407505,33.05
638,Puducherry,12,2020,202012, 31-12-2020, M,2.7,415410,33.79
639,Puducherry,1,2021,202101, 31-01-2021, M,7.56,420079,35.87
640,Puducherry,2,2021,202102, 28-02-2021, M,5.76,420318,35.13
641,Puducherry,3,2021,202103, 31-03-2021, M,1.44,418321,33.34
642,Puducherry,4,2021,202104, 30-04-2021, M,2.72,424356,34.19
643,Puducherry,5,2021,202105, 31-05-2021, M,23.97,348683,35.85
644,Puducherry,6,2021,202106, 30-06-2021, M,47.12,222864,32.86
645,Puducherry,7,2021,202107, 31-07-2021, M,9.58,408760,35.16
646,Puducherry,8,2021,202108, 31-08-2021, M,8.57,462760,39.27
647,Puducherry,9,2021,202109, 30-09-2021, M,11.17,416187,36.26
648,Puducherry,10,2021,202110, 31-10-2021, M,6.02,425097,34.92
649,Puducherry,11,2021,202111, 30-11-2021, M,6.29,429628,35.3
650,Puducherry,12,2021,202112, 31-12-2021, M,6.22,464517,38.05
651,Puducherry,1,2022,202201, 31-01-2022, M,7.76,431656,35.86
652,Puducherry,2,2022,202202, 28-02-2022, M,3.71,436960,34.69
653,Puducherry,3,2022,202203, 31-03-2022, M,4.22,437602,34.84
654,Puducherry,4,2022,202204, 30-04-2022, M,5.56,489100,39.39
655,Puducherry,5,2022,202205, 31-05-2022, M,5.58,449016,36.08
656,Puducherry,6,2022,202206, 30-06-2022, M,0.85,446761,34.1
657,Puducherry,7,2022,202207, 31-07-2022, M,2.82,443305,34.44
658,Puducherry,8,2022,202208, 31-08-2022, M,5.17,488508,38.79
659,Puducherry,9,2022,202209, 30-09-2022, M,3.92,471985,36.9
660,Puducherry,10,2022,202210, 31-10-2022, M,2.65,445308,34.27
661,Puducherry,11,2022,202211, 30-11-2022, M,2.88,447376,34.43
662,Puducherry,12,2022,202212, 31-12-2022, M,4.74,511926,40.06
663,Puducherry,1,2023,202301, 31-01-2023, M,5.34,465279,36.55
664,Punjab,1,2020,202001, 31-01-2020, M,11.11,9442093,42.82
665,Punjab,2,2020,202002, 29-02-2020, M,10.97,9229047,41.72
666,Punjab,3,2020,202003, 31-03-2020, M,10.32,9975485,44.69
667,Punjab,4,2020,202004, 30-04-2020, M,2.86,7020565,28.99
668,Punjab,5,2020,202005, 31-05-2020, M,28.33,6872938,38.39
669,Punjab,6,2020,202006, 30-06-2020, M,16.55,8390766,40.18
670,Punjab,7,2020,202007, 31-07-2020, M,9.19,9732417,42.76
671,Punjab,8,2020,202008, 31-08-2020, M,10.99,9386169,41.99
672,Punjab,9,2020,202009, 30-09-2020, M,9.61,8979999,39.5
673,Punjab,10,2020,202010, 31-10-2020, M,9.83,8811756,38.78
674,Punjab,11,2020,202011, 30-11-2020, M,7.64,9550215,40.96
675,Punjab,12,2020,202012, 31-12-2020, M,4.37,9369173,38.75
676,Punjab,1,2021,202101, 31-01-2021, M,8.09,9097268,39.07
677,Punjab,2,2021,202102, 28-02-2021, M,7.21,9037550,38.39
678,Punjab,3,2021,202103, 31-03-2021, M,7.35,9590215,40.73
679,Punjab,4,2021,202104, 30-04-2021, M,5.33,9367881,38.87
680,Punjab,5,2021,202105, 31-05-2021, M,8.84,8900420,38.28
681,Punjab,6,2021,202106, 30-06-2021, M,8.27,9008366,38.44
682,Punjab,7,2021,202107, 31-07-2021, M,6.93,9706975,40.75
683,Punjab,8,2021,202108, 31-08-2021, M,6.05,9462403,39.28
684,Punjab,9,2021,202109, 30-09-2021, M,9.28,8935927,38.35
685,Punjab,10,2021,202110, 31-10-2021, M,11.41,8722548,38.27
686,Punjab,11,2021,202111, 30-11-2021, M,6.7,9835327,40.9
687,Punjab,12,2021,202112, 31-12-2021, M,6.78,9577559,39.8
688,Punjab,1,2022,202201, 31-01-2022, M,9.31,8953493,38.17
689,Punjab,2,2022,202202, 28-02-2022, M,8.99,9030318,38.3
690,Punjab,3,2022,202203, 31-03-2022, M,6.94,9842359,40.76
691,Punjab,4,2022,202204, 30-04-2022, M,7.25,9632697,39.95
692,Punjab,5,2022,202205, 31-05-2022, M,9.15,9172799,38.77
693,Punjab,6,2022,202206, 30-06-2022, M,8.51,9204594,38.57
694,Punjab,7,2022,202207, 31-07-2022, M,7.72,10067229,41.75
695,Punjab,8,2022,202208, 31-08-2022, M,7.44,9653813,39.84
696,Punjab,9,2022,202209, 30-09-2022, M,7.18,9304724,38.23
697,Punjab,10,2022,202210, 31-10-2022, M,9.05,9274752,38.82
698,Punjab,11,2022,202211, 30-11-2022, M,7.8,9952497,41.02
699,Punjab,12,2022,202212, 31-12-2022, M,6.78,9976858,40.6
700,Punjab,1,2023,202301, 31-01-2023, M,6.75,9618109,39.06
701,Rajasthan,1,2020,202001, 31-01-2020, M,10.97,20641716,40.51
702,Rajasthan,2,2020,202002, 29-02-2020, M,15.16,20328915,41.77
703,Rajasthan,3,2020,202003, 31-03-2020, M,11.9,20024680,39.54
704,Rajasthan,4,2020,202004, 30-04-2020, M,17.7,15984142,33.71
705,Rajasthan,5,2020,202005, 31-05-2020, M,15.74,19826602,40.74
706,Rajasthan,6,2020,202006, 30-06-2020, M,14.39,20506612,41.38
707,Rajasthan,7,2020,202007, 31-07-2020, M,15.81,19932393,40.8
708,Rajasthan,8,2020,202008, 31-08-2020, M,17.51,20014060,41.71
709,Rajasthan,9,2020,202009, 30-09-2020, M,15.35,20149594,40.83
710,Rajasthan,10,2020,202010, 31-10-2020, M,24.1,19913403,44.9
711,Rajasthan,11,2020,202011, 30-11-2020, M,18.52,20268396,42.47
712,Rajasthan,12,2020,202012, 31-12-2020, M,28.23,19786545,46.96
713,Rajasthan,1,2021,202101, 31-01-2021, M,17.69,21125626,43.62
714,Rajasthan,2,2021,202102, 28-02-2021, M,25.63,20096427,45.83
715,Rajasthan,3,2021,202103, 31-03-2021, M,19.74,20392741,42.99
716,Rajasthan,4,2021,202104, 30-04-2021, M,28.04,19857143,46.58
717,Rajasthan,5,2021,202105, 31-05-2021, M,27.64,18671874,43.45
718,Rajasthan,6,2021,202106, 30-06-2021, M,26.27,20321049,46.31
719,Rajasthan,7,2021,202107, 31-07-2021, M,21.06,20661802,43.88
720,Rajasthan,8,2021,202108, 31-08-2021, M,26.69,20521536,46.81
721,Rajasthan,9,2021,202109, 30-09-2021, M,17.87,21092269,42.85
722,Rajasthan,10,2021,202110, 31-10-2021, M,29.52,20463351,48.32
723,Rajasthan,11,2021,202111, 30-11-2021, M,20.23,20322679,42.31
724,Rajasthan,12,2021,202112, 31-12-2021, M,27.12,20152764,45.81
725,Rajasthan,1,2022,202201, 31-01-2022, M,18.95,20683321,42.18
726,Rajasthan,2,2022,202202, 28-02-2022, M,32.39,19511908,47.6
727,Rajasthan,3,2022,202203, 31-03-2022, M,24.48,19672111,42.86
728,Rajasthan,4,2022,202204, 30-04-2022, M,28.8,20196775,46.57
729,Rajasthan,5,2022,202205, 31-05-2022, M,22.2,20783118,43.76
730,Rajasthan,6,2022,202206, 30-06-2022, M,29.94,19802373,46.19
731,Rajasthan,7,2022,202207, 31-07-2022, M,19.59,20044206,40.64
732,Rajasthan,8,2022,202208, 31-08-2022, M,31.44,19531626,46.34
733,Rajasthan,9,2022,202209, 30-09-2022, M,23.95,20331809,43.38
734,Rajasthan,10,2022,202210, 31-10-2022, M,31.29,19493522,45.93
735,Rajasthan,11,2022,202211, 30-11-2022, M,25,19827863,42.7
736,Rajasthan,12,2022,202212, 31-12-2022, M,28.47,20105968,45.3
737,Rajasthan,1,2023,202301, 31-01-2023, M,21.11,20975481,42.74
738,Sikkim,3,2020,202003, 31-03-2020, M,23.57,262895,60.59
739,Sikkim,4,2020,202004, 30-04-2020, M,2.28,215303,38.7
740,Sikkim,5,2020,202005, 31-05-2020, M,24.51,193427,44.88
741,Sikkim,6,2020,202006, 30-06-2020, M,4.46,221058,40.4
742,Sikkim,7,2020,202007, 31-07-2020, M,4.45,265175,48.32
743,Sikkim,8,2020,202008, 31-08-2020, M,12.49,244462,48.49
744,Sikkim,9,2020,202009, 30-09-2020, M,5.7,231798,42.54
745,Sikkim,10,2020,202010, 31-10-2020, M,0.88,242068,42.13
746,Sikkim,11,2020,202011, 30-11-2020, M,1.85,265087,46.46
747,Sikkim,12,2020,202012, 31-12-2020, M,0.67,291263,50.29
748,Sikkim,1,2021,202101, 31-01-2021, M,0,271163,46.35
749,Sikkim,2,2021,202102, 28-02-2021, M,4.29,269144,47.94
750,Sikkim,3,2021,202103, 31-03-2021, M,1.74,268111,46.37
751,Sikkim,4,2021,202104, 30-04-2021, M,1.8,260191,44.89
752,Sikkim,5,2021,202105, 31-05-2021, M,4.19,271870,47.92
753,Sikkim,6,2021,202106, 30-06-2021, M,0,264393,44.51
754,Sikkim,7,2021,202107, 31-07-2021, M,0,291920,48.99
755,Sikkim,8,2021,202108, 31-08-2021, M,0,275861,46.14
756,Sikkim,10,2021,202110, 31-10-2021, M,9.98,253543,46.81
757,Sikkim,4,2022,202204, 30-04-2022, M,8.67,249365,44.5
758,Sikkim,5,2022,202205, 31-05-2022, M,7.52,267699,47.02
759,Sikkim,6,2022,202206, 30-06-2022, M,12.69,191149,35.45
760,Sikkim,7,2022,202207, 31-07-2022, M,6.47,214996,37.09
761,Sikkim,10,2022,202210, 31-10-2022, M,3.85,220451,36.62
762,Sikkim,11,2022,202211, 30-11-2022, M,5.68,231195,39.01
763,Sikkim,12,2022,202212, 31-12-2022, M,13.56,308569,56.62
764,Sikkim,1,2023,202301, 31-01-2023, M,2.43,281532,45.6
765,Tamil Nadu,1,2020,202001, 31-01-2020, M,1.57,26881641,41.96
766,Tamil Nadu,2,2020,202002, 29-02-2020, M,2.09,27570589,43.2
767,Tamil Nadu,3,2020,202003, 31-03-2020, M,6.4,26830768,43.91
768,Tamil Nadu,4,2020,202004, 30-04-2020, M,49.83,9719167,29.63
769,Tamil Nadu,5,2020,202005, 31-05-2020, M,33.16,11483256,26.23
770,Tamil Nadu,6,2020,202006, 30-06-2020, M,12.2,19096847,33.16
771,Tamil Nadu,7,2020,202007, 31-07-2020, M,6.81,24572827,40.13
772,Tamil Nadu,8,2020,202008, 31-08-2020, M,2.65,27046415,42.22
773,Tamil Nadu,9,2020,202009, 30-09-2020, M,5,23025845,36.77
774,Tamil Nadu,10,2020,202010, 31-10-2020, M,2.16,23651626,36.62
775,Tamil Nadu,11,2020,202011, 30-11-2020, M,1.15,24629525,37.68
776,Tamil Nadu,12,2020,202012, 31-12-2020, M,0.53,25020860,37.98
777,Tamil Nadu,1,2021,202101, 31-01-2021, M,3.99,22930424,36
778,Tamil Nadu,2,2021,202102, 28-02-2021, M,4.79,23539357,37.22
779,Tamil Nadu,3,2021,202103, 31-03-2021, M,3.02,24688097,38.26
780,Tamil Nadu,4,2021,202104, 30-04-2021, M,2.34,24591402,37.78
781,Tamil Nadu,5,2021,202105, 31-05-2021, M,27.97,14183803,29.5
782,Tamil Nadu,6,2021,202106, 30-06-2021, M,8.3,19876121,32.42
783,Tamil Nadu,7,2021,202107, 31-07-2021, M,4.78,24651814,38.66
784,Tamil Nadu,8,2021,202108, 31-08-2021, M,6.27,23991586,38.16
785,Tamil Nadu,9,2021,202109, 30-09-2021, M,7,22076645,35.34
786,Tamil Nadu,10,2021,202110, 31-10-2021, M,4.89,22604681,35.32
787,Tamil Nadu,11,2021,202111, 30-11-2021, M,5.13,24405134,38.17
788,Tamil Nadu,12,2021,202112, 31-12-2021, M,6.91,23072393,36.72
789,Tamil Nadu,1,2022,202201, 31-01-2022, M,5.3,22542644,35.21
790,Tamil Nadu,2,2022,202202, 28-02-2022, M,3.23,22265049,33.98
791,Tamil Nadu,3,2022,202203, 31-03-2022, M,4.13,23845915,36.67
792,Tamil Nadu,4,2022,202204, 30-04-2022, M,3.17,22836874,34.72
793,Tamil Nadu,5,2022,202205, 31-05-2022, M,3.09,21764549,33.01
794,Tamil Nadu,6,2022,202206, 30-06-2022, M,2.11,21898382,32.83
795,Tamil Nadu,7,2022,202207, 31-07-2022, M,2.97,24187335,36.52
796,Tamil Nadu,8,2022,202208, 31-08-2022, M,7.19,21318737,33.6
797,Tamil Nadu,9,2022,202209, 30-09-2022, M,4.07,23774369,36.19
798,Tamil Nadu,10,2022,202210, 31-10-2022, M,2.97,24528515,36.86
799,Tamil Nadu,11,2022,202211, 30-11-2022, M,3.78,25004242,37.83
800,Tamil Nadu,12,2022,202212, 31-12-2022, M,4.12,25379593,38.48
801,Tamil Nadu,1,2023,202301, 31-01-2023, M,1.78,27549806,40.7
802,Telangana,1,2020,202001, 31-01-2020, M,5.49,17609295,59.25
803,Telangana,2,2020,202002, 29-02-2020, M,8.29,16825970,58.24
804,Telangana,3,2020,202003, 31-03-2020, M,5.77,17341613,58.31
805,Telangana,4,2020,202004, 30-04-2020, M,6.25,12172230,41.06
806,Telangana,5,2020,202005, 31-05-2020, M,14.7,14977774,55.43
807,Telangana,6,2020,202006, 30-06-2020, M,10.55,15108910,53.22
808,Telangana,7,2020,202007, 31-07-2020, M,5.36,15679417,52.1
809,Telangana,8,2020,202008, 31-08-2020, M,5.79,18185429,60.59
810,Telangana,9,2020,202009, 30-09-2020, M,3.27,16958984,54.93
811,Telangana,10,2020,202010, 31-10-2020, M,2.93,17417825,56.11
812,Telangana,11,2020,202011, 30-11-2020, M,1.56,17190976,54.51
813,Telangana,12,2020,202012, 31-12-2020, M,7.05,13239092,44.37
814,Telangana,1,2021,202101, 31-01-2021, M,4.26,16304175,52.95
815,Telangana,2,2021,202102, 28-02-2021, M,5.58,16040348,52.73
816,Telangana,3,2021,202103, 31-03-2021, M,3.67,16373619,52.65
817,Telangana,4,2021,202104, 30-04-2021, M,5.05,14105009,45.94
818,Telangana,5,2021,202105, 31-05-2021, M,7.2,16891260,56.18
819,Telangana,6,2021,202106, 30-06-2021, M,4.78,15077504,48.78
820,Telangana,7,2021,202107, 31-07-2021, M,4.01,16094158,51.55
821,Telangana,8,2021,202108, 31-08-2021, M,4.66,16234011,52.25
822,Telangana,9,2021,202109, 30-09-2021, M,3.63,16852051,53.56
823,Telangana,10,2021,202110, 31-10-2021, M,4.13,16904140,53.9
824,Telangana,11,2021,202111, 30-11-2021, M,4.14,16193012,51.54
825,Telangana,12,2021,202112, 31-12-2021, M,2.16,17128340,53.32
826,Telangana,1,2022,202201, 31-01-2022, M,0.69,16099871,49.28
827,Telangana,2,2022,202202, 28-02-2022, M,12.95,14999753,52.28
828,Telangana,3,2022,202203, 31-03-2022, M,6.55,16077052,52.1
829,Telangana,4,2022,202204, 30-04-2022, M,9.91,16573703,55.61
830,Telangana,5,2022,202205, 31-05-2022, M,9.37,16844961,56.08
831,Telangana,6,2022,202206, 30-06-2022, M,9.99,13673720,45.75
832,Telangana,7,2022,202207, 31-07-2022, M,5.83,13300384,42.45
833,Telangana,8,2022,202208, 31-08-2022, M,6.91,14339051,46.21
834,Telangana,9,2022,202209, 30-09-2022, M,8.55,14120592,46.24
835,Telangana,10,2022,202210, 31-10-2022, M,8.8,13950191,45.71
836,Telangana,11,2022,202211, 30-11-2022, M,6.03,13199882,41.9
837,Telangana,12,2022,202212, 31-12-2022, M,4.11,15075104,46.81
838,Telangana,1,2023,202301, 31-01-2023, M,5.3,13984384,43.88
839,Tripura,1,2020,202001, 31-01-2020, M,32.67,1508130,69.69
840,Tripura,2,2020,202002, 29-02-2020, M,28.4,1584686,68.74
841,Tripura,3,2020,202003, 31-03-2020, M,29.95,1511217,66.89
842,Tripura,4,2020,202004, 30-04-2020, M,41.23,971514,51.16
843,Tripura,5,2020,202005, 31-05-2020, M,21.51,1290986,50.81
844,Tripura,6,2020,202006, 30-06-2020, M,21.71,1494140,58.85
845,Tripura,7,2020,202007, 31-07-2020, M,18.24,1348849,50.78
846,Tripura,8,2020,202008, 31-08-2020, M,27.92,1318621,56.21
847,Tripura,9,2020,202009, 30-09-2020, M,17.35,1368244,50.77
848,Tripura,10,2020,202010, 31-10-2020, M,11.57,1576529,54.58
849,Tripura,11,2020,202011, 30-11-2020, M,13.06,1454568,51.13
850,Tripura,12,2020,202012, 31-12-2020, M,18.21,1389711,51.82
851,Tripura,1,2021,202101, 31-01-2021, M,18.15,1395070,51.89
852,Tripura,2,2021,202102, 28-02-2021, M,11.05,1629794,55.69
853,Tripura,3,2021,202103, 31-03-2021, M,13.94,1493608,52.65
854,Tripura,4,2021,202104, 30-04-2021, M,17.28,1436936,52.61
855,Tripura,5,2021,202105, 31-05-2021, M,19.93,1350783,50.99
856,Tripura,6,2021,202106, 30-06-2021, M,9.62,1651388,55.13
857,Tripura,7,2021,202107, 31-07-2021, M,13.34,1577784,54.83
858,Tripura,8,2021,202108, 31-08-2021, M,15.6,1497924,53.35
859,Tripura,9,2021,202109, 30-09-2021, M,15.28,1435595,50.85
860,Tripura,10,2021,202110, 31-10-2021, M,9.95,1682211,55.95
861,Tripura,11,2021,202111, 30-11-2021, M,13.41,1549956,53.52
862,Tripura,12,2021,202112, 31-12-2021, M,14.73,1516375,53.07
863,Tripura,1,2022,202201, 31-01-2022, M,17.14,1405691,50.53
864,Tripura,2,2022,202202, 28-02-2022, M,9.77,1577800,52
865,Tripura,3,2022,202203, 31-03-2022, M,14.08,1549348,53.53
866,Tripura,4,2022,202204, 30-04-2022, M,14.6,1529154,53.05
867,Tripura,5,2022,202205, 31-05-2022, M,17.35,1369861,49.02
868,Tripura,6,2022,202206, 30-06-2022, M,9.45,1617909,52.75
869,Tripura,7,2022,202207, 31-07-2022, M,13.01,1559377,52.82
870,Tripura,8,2022,202208, 31-08-2022, M,16.26,1506718,52.92
871,Tripura,9,2022,202209, 30-09-2022, M,17.02,1409925,49.88
872,Tripura,10,2022,202210, 31-10-2022, M,10.61,1688307,55.35
873,Tripura,11,2022,202211, 30-11-2022, M,14.37,1590210,54.33
874,Tripura,12,2022,202212, 31-12-2022, M,14.34,1513071,51.57
875,Tripura,1,2023,202301, 31-01-2023, M,16,1434622,49.78
876,Uttar Pradesh,1,2020,202001, 31-01-2020, M,7.58,59433759,39.63
877,Uttar Pradesh,2,2020,202002, 29-02-2020, M,8.98,58060531,39.23
878,Uttar Pradesh,3,2020,202003, 31-03-2020, M,10.11,56976338,38.89
879,Uttar Pradesh,4,2020,202004, 30-04-2020, M,21.54,50915056,39.73
880,Uttar Pradesh,5,2020,202005, 31-05-2020, M,20.41,49801902,38.22
881,Uttar Pradesh,6,2020,202006, 30-06-2020, M,9.47,55380649,37.29
882,Uttar Pradesh,7,2020,202007, 31-07-2020, M,5.56,56201654,36.19
883,Uttar Pradesh,8,2020,202008, 31-08-2020, M,5.79,55831744,35.96
884,Uttar Pradesh,9,2020,202009, 30-09-2020, M,4.18,56106836,35.45
885,Uttar Pradesh,10,2020,202010, 31-10-2020, M,3.75,56539521,35.49
886,Uttar Pradesh,11,2020,202011, 30-11-2020, M,5.16,56720101,36.05
887,Uttar Pradesh,12,2020,202012, 31-12-2020, M,14.95,55796313,39.46
888,Uttar Pradesh,1,2021,202101, 31-01-2021, M,4.89,55124290,34.78
889,Uttar Pradesh,2,2021,202102, 28-02-2021, M,4.1,56568780,35.33
890,Uttar Pradesh,3,2021,202103, 31-03-2021, M,4.14,55834036,34.8
891,Uttar Pradesh,4,2021,202104, 30-04-2021, M,6.3,56962368,36.25
892,Uttar Pradesh,5,2021,202105, 31-05-2021, M,6.89,55829255,35.67
893,Uttar Pradesh,6,2021,202106, 30-06-2021, M,4.32,55933912,34.7
894,Uttar Pradesh,7,2021,202107, 31-07-2021, M,4.95,55247629,34.43
895,Uttar Pradesh,8,2021,202108, 31-08-2021, M,6.98,56472386,35.88
896,Uttar Pradesh,9,2021,202109, 30-09-2021, M,4.98,55224547,34.27
897,Uttar Pradesh,10,2021,202110, 31-10-2021, M,4.22,55516008,34.1
898,Uttar Pradesh,11,2021,202111, 30-11-2021, M,4.83,56435220,34.81
899,Uttar Pradesh,12,2021,202112, 31-12-2021, M,4.86,57314791,35.29
900,Uttar Pradesh,1,2022,202201, 31-01-2022, M,2.97,55591271,33.48
901,Uttar Pradesh,2,2022,202202, 28-02-2022, M,2.71,55367064,33.19
902,Uttar Pradesh,3,2022,202203, 31-03-2022, M,4.36,55481938,33.76
903,Uttar Pradesh,4,2022,202204, 30-04-2022, M,2.94,56316092,33.69
904,Uttar Pradesh,5,2022,202205, 31-05-2022, M,3.13,55032093,32.91
905,Uttar Pradesh,6,2022,202206, 30-06-2022, M,2.75,55312199,32.88
906,Uttar Pradesh,7,2022,202207, 31-07-2022, M,3.3,55043699,32.83
907,Uttar Pradesh,8,2022,202208, 31-08-2022, M,3.94,55878283,33.47
908,Uttar Pradesh,9,2022,202209, 30-09-2022, M,4.01,55177434,33.01
909,Uttar Pradesh,10,2022,202210, 31-10-2022, M,4.14,54948340,32.84
910,Uttar Pradesh,11,2022,202211, 30-11-2022, M,4.11,56185821,33.5
911,Uttar Pradesh,12,2022,202212, 31-12-2022, M,4.33,56983308,33.97
912,Uttar Pradesh,1,2023,202301, 31-01-2023, M,4.22,56447211,33.54
913,Uttarakhand,1,2020,202001, 31-01-2020, M,5.49,2711639,32.99
914,Uttarakhand,2,2020,202002, 29-02-2020, M,4.99,3020931,36.48
915,Uttarakhand,3,2020,202003, 31-03-2020, M,19.85,2539302,36.27
916,Uttarakhand,4,2020,202004, 30-04-2020, M,6.48,2720115,33.23
917,Uttarakhand,5,2020,202005, 31-05-2020, M,8.01,2694072,33.38
918,Uttarakhand,6,2020,202006, 30-06-2020, M,8.61,2656071,33.06
919,Uttarakhand,7,2020,202007, 31-07-2020, M,12.38,2938552,38.07
920,Uttarakhand,8,2020,202008, 31-08-2020, M,14.26,2717528,35.9
921,Uttarakhand,9,2020,202009, 30-09-2020, M,22.26,2695230,39.18
922,Uttarakhand,10,2020,202010, 31-10-2020, M,9.23,2739309,34.03
923,Uttarakhand,11,2020,202011, 30-11-2020, M,1.47,2447664,27.95
924,Uttarakhand,12,2020,202012, 31-12-2020, M,5.19,2647822,31.36
925,Uttarakhand,1,2021,202101, 31-01-2021, M,4.45,2531098,29.68
926,Uttarakhand,2,2021,202102, 28-02-2021, M,4.69,2775542,32.56
927,Uttarakhand,3,2021,202103, 31-03-2021, M,3.26,2511431,28.96
928,Uttarakhand,4,2021,202104, 30-04-2021, M,5.96,2852350,33.77
929,Uttarakhand,5,2021,202105, 31-05-2021, M,5.49,2447140,28.76
930,Uttarakhand,6,2021,202106, 30-06-2021, M,4.81,2822878,32.87
931,Uttarakhand,7,2021,202107, 31-07-2021, M,3.17,2531701,28.92
932,Uttarakhand,8,2021,202108, 31-08-2021, M,6.22,2774922,32.65
933,Uttarakhand,9,2021,202109, 30-09-2021, M,4.14,2524240,29
934,Uttarakhand,10,2021,202110, 31-10-2021, M,3.34,2872131,32.65
935,Uttarakhand,11,2021,202111, 30-11-2021, M,3.12,2605053,29.48
936,Uttarakhand,12,2021,202112, 31-12-2021, M,5.01,2780810,32.03
937,Uttarakhand,1,2022,202201, 31-01-2022, M,3.47,2600359,29.41
938,Uttarakhand,2,2022,202202, 28-02-2022, M,4.58,2723982,31.1
939,Uttarakhand,3,2022,202203, 31-03-2022, M,3.51,2464361,27.76
940,Uttarakhand,4,2022,202204, 30-04-2022, M,5.33,2755947,31.58
941,Uttarakhand,5,2022,202205, 31-05-2022, M,2.85,2575497,28.69
942,Uttarakhand,6,2022,202206, 30-06-2022, M,8.67,2707464,32.01
943,Uttarakhand,9,2022,202209, 30-09-2022, M,0.53,2853151,30.77
944,Uttarakhand,10,2022,202210, 31-10-2022, M,3.27,2669193,29.54
945,Uttarakhand,11,2022,202211, 30-11-2022, M,1.24,2874793,31.09
946,Uttarakhand,12,2022,202212, 31-12-2022, M,4.22,2811428,31.28
947,Uttarakhand,1,2023,202301, 31-01-2023, M,2.23,2631929,28.63
948,West Bengal,1,2020,202001, 31-01-2020, M,6.94,35820789,47.35
949,West Bengal,2,2020,202002, 29-02-2020, M,4.92,36964178,47.74
950,West Bengal,3,2020,202003, 31-03-2020, M,6.92,35903917,47.27
951,West Bengal,4,2020,202004, 30-04-2020, M,17.41,26938836,39.9
952,West Bengal,5,2020,202005, 31-05-2020, M,17.41,28356675,41.92
953,West Bengal,6,2020,202006, 30-06-2020, M,7.29,30726310,40.39
954,West Bengal,7,2020,202007, 31-07-2020, M,6.83,35372506,46.17
955,West Bengal,8,2020,202008, 31-08-2020, M,14.87,33298644,47.48
956,West Bengal,9,2020,202009, 30-09-2020, M,9.31,35877583,47.93
957,West Bengal,10,2020,202010, 31-10-2020, M,10.22,33856332,45.6
958,West Bengal,11,2020,202011, 30-11-2020, M,11.24,33420675,45.45
959,West Bengal,12,2020,202012, 31-12-2020, M,6.01,35829652,45.93
960,West Bengal,1,2021,202101, 31-01-2021, M,5.25,36563881,46.4
961,West Bengal,2,2021,202102, 28-02-2021, M,6.22,37127736,47.52
962,West Bengal,3,2021,202103, 31-03-2021, M,7.51,35827410,46.41
963,West Bengal,4,2021,202104, 30-04-2021, M,7.63,34849346,45.11
964,West Bengal,5,2021,202105, 31-05-2021, M,19.34,28897052,42.75
965,West Bengal,6,2021,202106, 30-06-2021, M,22.14,30440202,46.57
966,West Bengal,7,2021,202107, 31-07-2021, M,7.37,35267884,45.26
967,West Bengal,8,2021,202108, 31-08-2021, M,7.41,35376844,45.34
968,West Bengal,9,2021,202109, 30-09-2021, M,6.8,36442890,46.31
969,West Bengal,10,2021,202110, 31-10-2021, M,5.6,36583286,45.81
970,West Bengal,11,2021,202111, 30-11-2021, M,6.68,35748702,45.2
971,West Bengal,12,2021,202112, 31-12-2021, M,7.33,35652535,45.31
972,West Bengal,1,2022,202201, 31-01-2022, M,6.43,36913541,46.37
973,West Bengal,2,2022,202202, 28-02-2022, M,6.27,36465383,45.65
974,West Bengal,3,2022,202203, 31-03-2022, M,5.57,35396256,43.9
975,West Bengal,4,2022,202204, 30-04-2022, M,6.25,35900743,44.76
976,West Bengal,5,2022,202205, 31-05-2022, M,5.75,37816306,46.81
977,West Bengal,6,2022,202206, 30-06-2022, M,5.23,36584378,44.95
978,West Bengal,7,2022,202207, 31-07-2022, M,6.26,35776902,44.36
979,West Bengal,8,2022,202208, 31-08-2022, M,7.39,35811552,44.85
980,West Bengal,9,2022,202209, 30-09-2022, M,3.27,36846450,44.1
981,West Bengal,10,2022,202210, 31-10-2022, M,5.8,36185965,44.39
982,West Bengal,11,2022,202211, 30-11-2022, M,5.37,36098496,44
983,West Bengal,12,2022,202212, 31-12-2022, M,5.55,37466025,45.66
984,West Bengal,1,2023,202301, 31-01-2023, M,5.01,36401209,44.03
985,India,1,2020,202001, 31-01-2020, M,7.22,410473913,42.9
986,India,2,2020,202002, 29-02-2020, M,7.76,405954169,42.6
987,India,3,2020,202003, 31-03-2020, M,8.75,395840756,41.9
988,India,4,2020,202004, 30-04-2020, M,23.52,282203816,35.57
989,India,5,2020,202005, 31-05-2020, M,21.73,313793837,38.57
990,India,6,2020,202006, 30-06-2020, M,10.18,376993536,40.3
991,India,7,2020,202007, 31-07-2020, M,7.4,392341064,40.61
992,India,8,2020,202008, 31-08-2020, M,8.35,392520303,40.96
993,India,9,2020,202009, 30-09-2020, M,6.68,397739844,40.68
994,India,10,2020,202010, 31-10-2020, M,7.02,396450375,40.62
995,India,11,2020,202011, 30-11-2020, M,6.5,394133855,40.08
996,India,12,2020,202012, 31-12-2020, M,9.06,388777142,40.56
997,India,1,2021,202101, 31-01-2021, M,6.52,400709258,40.59
998,India,2,2021,202102, 28-02-2021, M,6.89,398213434,40.43
999,India,3,2021,202103, 31-03-2021, M,6.5,398145073,40.17
1000,India,4,2021,202104, 30-04-2021, M,7.97,390790128,39.98
1001,India,5,2021,202105, 31-05-2021, M,11.84,375727008,40.04
1002,India,6,2021,202106, 30-06-2021, M,9.17,383469051,39.59
1003,India,7,2021,202107, 31-07-2021, M,6.96,399714145,40.21
1004,India,8,2021,202108, 31-08-2021, M,8.32,397784327,40.52
1005,India,9,2021,202109, 30-09-2021, M,6.86,406104468,40.64
1006,India,10,2021,202110, 31-10-2021, M,7.74,400886546,40.42
1007,India,11,2021,202111, 30-11-2021, M,6.97,402664041,40.19
1008,India,12,2021,202112, 31-12-2021, M,7.91,406012456,40.85
1009,India,1,2022,202201, 31-01-2022, M,6.56,402616049,39.84
1010,India,2,2022,202202, 28-02-2022, M,8.11,397057157,39.89
1011,India,3,2022,202203, 31-03-2022, M,7.57,395969754,39.46
1012,India,4,2022,202204, 30-04-2022, M,7.83,402949020,40.19
1013,India,5,2022,202205, 31-05-2022, M,7.14,403886697,39.9
1014,India,6,2022,202206, 30-06-2022, M,7.83,390822128,38.83
1015,India,7,2022,202207, 31-07-2022, M,6.83,397050067,38.94
1016,India,8,2022,202208, 31-08-2022, M,8.28,394606374,39.24
1017,India,9,2022,202209, 30-09-2022, M,6.43,404078772,39.31
1018,India,10,2022,202210, 31-10-2022, M,7.92,398496185,39.31
1019,India,11,2022,202211, 30-11-2022, M,8.03,402126213,39.64
1020,India,12,2022,202212, 31-12-2022, M,8.3,410238658,40.48
1021,India,1,2023,202301, 31-01-2023, M,7.14,409283832,39.8
